[
  {
    "model": "ClearVision.MarketingChannels",
    "fields": {
        "name": "987 Radio"
    }
  },
  {
    "model": "ClearVision.MarketingChannels",
    "fields": {
        "name": "Andrea Chong Blog"
    }
  },
  {
    "model": "ClearVision.MarketingChannels",
    "fields": {
        "name": "Channel News Asia"
    }
  },
  {
    "model": "ClearVision.MarketingChannels",
    "fields": {
        "name": "Referred by Doctor"
    }
  },
  {
    "model": "ClearVision.MarketingChannels",
    "fields": {
        "name": "ST Ads"
    }
  },
  {
    "model": "ClearVision.MarketingChannels",
    "fields": {
        "name": "Others"
    }
  },
  {
    "model": "ClearVision.Patient",
    "fields": {
        "name": "Sherman",
        "gender": "Male",
        "contact": "91500323",
        "registrationDate": "2015-04-29",
        "marketingChannelId": 1,
        "conversion": "True"
    }
  },

  {
    "model": "ClearVision.Patient",
    "fields": {
        "name": "Leon",
        "gender": "Male",
        "contact": "94764232",
        "registrationDate": "2015-04-30",
        "marketingChannelId": 2,
        "conversion": "False"
    }
  },

  {
    "model": "ClearVision.Patient",
    "fields": {
        "name": "Claire",
        "gender": "Female",
        "contact": "91500212",
        "registrationDate": "2015-04-30",
        "marketingChannelId": 1,
        "conversion": "True"
    }
  },

  {
    "model": "ClearVision.Patient",
    "fields": {
        "name": "Amabel",
        "gender": "Female",
        "contact": "91500111",
        "registrationDate": "2015-04-30",
        "marketingChannelId": 2,
        "conversion": "False"
    }
  },

  {
    "model": "ClearVision.Patient",
    "fields": {
        "name": "Carina",
        "gender": "Female",
        "contact": "91500222",
        "registrationDate": "2015-04-30",
        "marketingChannelId": 3,
        "conversion": "True"
    }
  },

  {
    "model": "ClearVision.Patient",
    "fields": {
        "name": "Kaiwen",
        "gender": "Male",
        "contact": "91500333",
        "registrationDate": "2015-04-28",
        "marketingChannelId": 3,
        "conversion": "False"
    }
  },

  {
    "model": "ClearVision.Patient",
    "fields": {
        "name": "G Dragon",
        "gender": "Male",
        "contact": "91500444",
        "registrationDate": "2015-04-14",
        "marketingChannelId": 3,
        "conversion": "False"
    }
  },
  {
    "model": "ClearVision.Patient",
    "fields": {
        "name": "M Dragon",
        "gender": "Male",
        "contact": "91500484",
        "registrationDate": "2015-04-14",
        "marketingChannelId": 3,
        "conversion": "False"
    }
  },
  {
    "model": "ClearVision.Patient",
    "fields": {
        "name": "Y Dragon",
        "gender": "Male",
        "contact": "91500784",
        "registrationDate": "2015-04-14",
        "marketingChannelId": 3,
        "conversion": "False"
    }
  },
  {
    "model": "ClearVision.Patient",
    "fields": {
        "name": "R Dragon",
        "gender": "Male",
        "contact": "915004732",
        "registrationDate": "2015-04-14",
        "marketingChannelId": 4,
        "conversion": "True"
    }
  },
  {
    "model": "ClearVision.Patient",
    "fields": {
        "name": "V Dragon",
        "gender": "Male",
        "contact": "91587471",
        "registrationDate": "2015-04-14",
        "marketingChannelId": 4,
        "conversion": "False"
    }
  },
  {
    "model": "ClearVision.Patient",
    "fields": {
        "name": "W Dragon",
        "gender": "Male",
        "contact": "90884621",
        "registrationDate": "2015-04-14",
        "marketingChannelId": 5,
        "conversion": "False"
    }
  },

  {
    "model": "ClearVision.Clinic",
    "pk": 1,
    "fields": {
        "name": "Mount E",
        "startHr": "08:00:00",
        "endHr": "20:00:00"
    }
  },

  {
    "model": "ClearVision.Clinic",
    "pk": 2,
    "fields": {
        "name": "Clearvision Clinic",
        "startHr": "07:00:00",
        "endHr": "19:00:00"
    }
  },

  {
    "model": "ClearVision.Staff",
    "pk": 1,
    "fields": {
        "number": "999",
        "name": "Carina",
        "clinic": "1"
    }
  },

  {
    "model": "ClearVision.Staff",
    "pk": 2,
    "fields": {
        "number": "666",
        "name": "Amabel",
        "clinic": "1"
    }
  },
    {
    "model": "ClearVision.AvailableTimeSlots",
    "fields": {
      "type": "Screening",
      "start": "09:00:00",
      "end": "09:30:00"
    }
  },
  {
    "model": "ClearVision.AvailableTimeSlots",
    "fields": {
      "type": "Screening",
      "start": "09:30:00",
      "end": "10:00:00"
    }
  },
  {
    "model": "ClearVision.AvailableTimeSlots",
    "fields": {
      "type": "Screening",
      "start": "10:00:00",
      "end": "10:30:00"
    }
  },
  {
    "model": "ClearVision.AvailableTimeSlots",
    "fields": {
      "type": "Screening",
      "start": "10:30:00",
      "end": "11:00:00"
    }
  },
  {
    "model": "ClearVision.AvailableTimeSlots",
    "fields": {
      "type": "Screening",
      "start": "11:00:00",
      "end": "11:30:00"
    }
  },
  {
    "model": "ClearVision.AvailableTimeSlots",
    "fields": {
      "type": "Screening",
      "start": "11:30:00",
      "end": "12:00:00"
    }
  },
  {
    "model": "ClearVision.AvailableTimeSlots",
    "fields": {
      "type": "Screening",
      "start": "12:00:00",
      "end": "12:30:00"
    }
  },

    {
    "model": "ClearVision.Doctor",
    "pk": 1,

    "fields": {
      "name": "Dr Goh",
      "phoneModel": "Apple",
      "calDavAccount": "example@abc.com",
      "contact": "12345",
      "clinic": [
        1,
        2
      ],
      "timeBucket": 2
    }
  },

  {
    "model": "ClearVision.Doctor",
    "pk": 2,

    "fields": {
      "name": "Dr Ho",
      "phoneModel": "Samsung",
      "calDavAccount": "example2@abc.com",
      "contact": "54321",
      "clinic": [
        1
      ],
      "timeBucket": 2
    }
  },

  {
    "model": "ClearVision.Appointment",
    "pk": 1,

    "fields": {

        "type": "Screening",
        "date": "2015-07-17",
        "last_modified": "2015-07-17T07:16:36Z",
        "patients": [91500323,91500212,94764232],
        "doctor": 2,
        "clinic": 2,
        "timeBucket": 2
    }
  },

  {
    "model": "ClearVision.Appointment",
    "pk": 2,

    "fields": {

        "type": "Surgery",
        "date": "2015-07-20",
        "last_modified": "2015-07-17T07:16:36Z",
        "patients": [91500323, 94764232],
        "doctor": 2,
        "clinic": 1,
        "timeBucket": 2
    }
  },

  {
    "model": "ClearVision.Appointment",
    "pk": 3,

    "fields": {

        "type": "Pre Evaluation",
        "date": "2015-07-25",
        "last_modified": "2015-07-17T07:16:36Z",
        "patients": [91500323, 94764232],
        "doctor": 2,
        "clinic": 2,
        "timeBucket": 2
    }
  },

  {
    "model": "ClearVision.Appointment",
    "pk": 4,

    "fields": {

        "type": "Screening",
        "date": "2015-07-27",
        "last_modified": "2015-07-27T07:16:36Z",
        "patients": [91500323],
        "doctor": 1,
        "clinic": 2,
        "timeBucket": 2
    }
  },

  {
    "model": "ClearVision.Appointment",
    "pk": 5,

    "fields": {

        "type": "Surgery",
        "date": "2015-07-28",
        "last_modified": "2015-07-27T07:16:36Z",
        "patients": [91500323, 94764232],
        "doctor": 1,
        "clinic": 1,
        "timeBucket": 2
    }
  },

  {
    "model": "ClearVision.Appointment",
    "pk": 6,

    "fields": {

        "type": "Pre Evaluation",
        "date": "2015-07-29",
        "last_modified": "2015-07-27T07:16:36Z",
        "patients": [91500212,91500323,91500111,91500222,94764232],
        "doctor": 1,
        "clinic": 2,
        "tempPatients": [91500333,91500444],
        "timeBucket": 2
    }
  },
  {
    "model": "ClearVision.AppointmentRemarks",
    "pk": 1,
    "fields": {
        "patient": 91500323,
        "appointment":1,
        "remarks": "I am a big snake"
    }
  },
  {
    "model": "ClearVision.AppointmentRemarks",
    "pk": 2,
    "fields": {
        "patient": 94764232,
        "appointment":2,
        "remarks": "I am a Horse"

    }
  },
  {
    "model": "ClearVision.AppointmentRemarks",
    "pk": 3,
    "fields": {
        "patient": 91500212,
        "appointment":3,
        "remarks": "I am a Chimpanzee"
    }
  },
  {
    "model": "ClearVision.AppointmentRemarks",
    "pk": 4,
    "fields": {
        "patient": 91500111,
        "appointment":4,
        "remarks": "I am a Gorilla"
    }
  }
]